event_id,event_name,event_date,product_id,current_ticket_count
sSYZ0le51cNc,"Reviving the Ancient Memory Arts: An Act of Resistance with Eleanor Robins",Thu Mar 12 2026 00:00:00 GMT+0100 (Central European Standard Time),17882,5
jsG2wnWko6Vi,"Open Projects Night",Tue Mar 03 2026 00:00:00 GMT+0100 (Central European Standard Time),18317,0
NLLSbFg1coZc,"Book Club: ""The Ultimate Hidden Truth of the World..."" by David Graeber",Wed Feb 25 2026 00:00:00 GMT+0100 (Central European Standard Time),18355,0
r5epsAiTKJZx,"Screening of ""The Trial of the Chicago Seven"" with Awol Allo",Tue Feb 24 2026 00:00:00 GMT+0100 (Central European Standard Time),18024,4
BGz7kjEhNcQG,"UBI: From Distant Ideal to Transformative Policy with Kate Pickett",Thu Feb 19 2026 00:00:00 GMT+0100 (Central European Standard Time),18258,0
SjckxV27MBgJ,"Book Club: ""Birnam Wood"" by Eleanor Catton",Wed Jan 28 2026 00:00:00 GMT+0100 (Central European Standard Time),18341,0
unvURy8sT47K,"New Possibilities in Science with Rupert Sheldrake",Thu Jan 22 2026 00:00:00 GMT+0100 (Central European Standard Time),17589,42
pAvlNWYNIIfn,"Real Philosophy: Overcoming the Divide Between Thought & Action with Christoph Schuringa",Tue Jan 13 2026 00:00:00 GMT+0100 (Central European Standard Time),17925,11
o13bNsGrzmF4,"In Case of Emergency: Post Performance Supper",Fri Jan 09 2026 00:00:00 GMT+0100 (Central European Standard Time),18366,0
NuSC6zMkqU3i,"Friday Night Music with Kareem Samara",Fri Jan 09 2026 00:00:00 GMT+0100 (Central European Standard Time),18210,46
hkQtGlx23Ygr,"Open Projects Night",Tue Jan 06 2026 00:00:00 GMT+0100 (Central European Standard Time),17438,31
ZlNm2jfTagsl,"Winter Solstice Celebration",Sat Dec 20 2025 00:00:00 GMT+0100 (Central European Standard Time),16868,87
qAPiQga9y774,"Why Look at Animals? with Jo-Anne McArthur and Zed Nelson",Thu Dec 11 2025 00:00:00 GMT+0100 (Central European Standard Time),17545,46
7qXGWTWyN5m4,"Screening of ""Power Station"" with Dan Edelstyn & Howard Johns",Thu Dec 04 2025 00:00:00 GMT+0100 (Central European Standard Time),17445,33
dj90LsNzmBDO,"Screening of ""Bank Job""",Tue Dec 02 2025 00:00:00 GMT+0100 (Central European Standard Time),17465,15
SSIt2ihLMKXf,"What Does the World Look Like with Care in Charge? with Sally Weintrobe - Community Member booking link - Thursday, - Thursday, - Thursday, - Thursday, - Thursday, - Thursday, - Thursday, - Thursday, - Thursday, - Thursday, - Thursday, - Thursday, Nove...",Thu Nov 20 2025 00:00:00 GMT+0100 (Central European Standard Time),16971,39
xwxsm3GIIxDj,"Book Club: ""The Word for the World is Forest"" by Ursula Le Guin - Wednesday, and ""Birnam Wood"" by Eleanor Catton - Wednesday, November 19, 2025",Wed Nov 19 2025 00:00:00 GMT+0100 (Central European Standard Time),16982,10
LuLHgBnkoyXc,"Artivism Futures: Draft with Additional Text and Reimagining Human Rights Activism and Draft with Additional Text - Saturday, and Draft with Additional Text - Saturday, and Draft with Additional Text - Saturday, - Saturday, - Saturday, - Saturday, Nove...",Sat Nov 15 2025 00:00:00 GMT+0100 (Central European Standard Time),16494,40
ZHb5EvXZYPwb,"Launch of Artivism Futures: Drinks & Screenings",Fri Nov 14 2025 00:00:00 GMT+0100 (Central European Standard Time),17231,22
Rz2NMpIwvCoK,"Reviving the Commons: The Civil Commons",Tue Nov 11 2025 00:00:00 GMT+0100 (Central European Standard Time),16457,49
8pILccL1rAfz,"Future Visions: An Evening of Shared Readings",Thu Nov 06 2025 00:00:00 GMT+0100 (Central European Standard Time),16877,12
jUN6oZVivkrW,"Open Projects Night",Tue Nov 04 2025 00:00:00 GMT+0100 (Central European Standard Time),16443,11
TGGREy23lLUP,"Friday Drinks featuring ""Fools Leap"" with Orlando Seale & Friends",Fri Oct 31 2025 00:00:00 GMT+0100 (Central European Standard Time),16523,36
phBjTn9t5onZ,"Could Radical Democracy Avert Collapse? with Luke Kemp",Tue Oct 28 2025 00:00:00 GMT+0100 (Central European Standard Time),15919,50
OYTnQiV5p8la,"Town Anywhere: Rehearsing a Future of Multi-Species Flourishing",Sat Oct 25 2025 00:00:00 GMT+0200 (Central European Summer Time),11542,67
NUES2mtSdXn9,"Co-Creating the Future with Jean Boulton",Thu Oct 23 2025 00:00:00 GMT+0200 (Central European Summer Time),16261,49
uq1UjDC6Ch9y,"Colin Ward Festival of Anarchic Ideas, Tactics & Action",Sat Oct 18 2025 00:00:00 GMT+0200 (Central European Summer Time),15936,99
MXJRXSsFJIK2,"Colin Ward Festival Launch & Mixer",Fri Oct 17 2025 00:00:00 GMT+0200 (Central European Summer Time),16199,11
NqOvDPIpLhwC,"Book Club: ""Anarchy in Action"" by Colin Ward - Wednesday, October 15, 2025",Wed Oct 15 2025 00:00:00 GMT+0200 (Central European Summer Time),16278,4
4Ga8Q9L98a8q,"Recovering the Middle Voice (or How to Act in a World that Surpasses Us) with Valentin Gerlier",Thu Sep 25 2025 00:00:00 GMT+0200 (Central European Summer Time),15826,31
R5u2MGf4CbH3,"How Do We Live a Life in an Era of Collapse with Sarah Wilson - booking link - Tuesday, - Tuesday, - Tuesday, - Tuesday, - Tuesday, - Tuesday, - Tuesday, - Tuesday, - Tuesday, - Tuesday, - Tuesday, - Tuesday, - Tuesday, - Tuesday, - Tuesday, September ...",Tue Sep 23 2025 00:00:00 GMT+0200 (Central European Summer Time),15310,51
JDbaIIbT0aFM,"Kairos at How the Light Gets In with Roger Hallam",Sat Sep 20 2025 00:00:00 GMT+0200 (Central European Summer Time),15910,0
PQDY189bdzp4,"Friday Drinks - Friday, September 19, 2025",Fri Sep 19 2025 00:00:00 GMT+0200 (Central European Summer Time),15950,0
fh6qEZ2nOezG,"When Are We? with Vanessa Andreotti & Alnoor Ladha - booking link - Tuesday, - Tuesday, - Tuesday, - Tuesday, - Tuesday, - Tuesday, - Tuesday, - Tuesday, - Tuesday, - Tuesday, - Tuesday, - Tuesday, - Tuesday, - Tuesday, - Tuesday, - Tuesday, September ...",Tue Sep 16 2025 00:00:00 GMT+0200 (Central European Summer Time),15890,48
XAWs43TuDgAV,"Open Projects Night",Tue Sep 16 2025 00:00:00 GMT+0200 (Central European Summer Time),15295,6
SSJWeFVze6kE,"Slowing Collapse With a Money Commons with Jem Bendell & Matthew Slater",Sun Sep 14 2025 00:00:00 GMT+0200 (Central European Summer Time),14423,40
btUzgu5lwcqf,"Kairos at the Stroud Festival of Commoning: Reviving the Money Commons",Sat Sep 13 2025 00:00:00 GMT+0200 (Central European Summer Time),15606,0
Gd0kw1CqMunn,"Friday Drinks",Fri Sep 12 2025 00:00:00 GMT+0200 (Central European Summer Time),15881,4
g00pQaNFIdpY,"Book Club: ""All Art is Ecological"" by Timothy Morton - Wednesday, September 10, 2025",Wed Sep 10 2025 00:00:00 GMT+0200 (Central European Summer Time),15281,3
aPwZ2GGI5eDO,"""On Being, In Prison"" with Roger Hallam",Sun Sep 07 2025 00:00:00 GMT+0200 (Central European Summer Time),15263,86
hN9AUpVeHSN1,"Friday Drinks",Fri Sep 05 2025 00:00:00 GMT+0200 (Central European Summer Time),15288,7
CDOhhlmNkAjD,"Sunday Reading Room",Sun Jul 20 2025 00:00:00 GMT+0200 (Central European Summer Time),14921,0
sDozIrrpWWeh,"Sunday Reading Room",Sun Jul 13 2025 00:00:00 GMT+0200 (Central European Summer Time),15054,1
8zpgtnuTwrps,"Summer Party",Sat Jul 12 2025 00:00:00 GMT+0200 (Central European Summer Time),13722,65
uTqarybUnJ3k,"Friday Drinks",Fri Jul 11 2025 00:00:00 GMT+0200 (Central European Summer Time),14923,3
m0cisopDj89w,"Another World is Here But Struggling to Survive (Copy) - Thursday, - Thursday, - Thursday, - Thursday, - Thursday, - Thursday, - Thursday, - Thursday, - Thursday, - Thursday, - Thursday, - Thursday, - Thursday, - Thursday, - Thursday, - Thursday, July ...",Thu Jul 10 2025 00:00:00 GMT+0200 (Central European Summer Time),14182,2
MdaSTUDF3rJW,"Book Club: ""Is a River Alive"" by Robert Macfarlane - Wednesday, July 9, 2025",Wed Jul 09 2025 00:00:00 GMT+0200 (Central European Summer Time),14248,8
yaaYRCcolVCY,"Sunday Reading Room",Sun Jul 06 2025 00:00:00 GMT+0200 (Central European Summer Time),14875,0
2r1PhESBChfK,"Friday Drinks",Fri Jul 04 2025 00:00:00 GMT+0200 (Central European Summer Time),14853,4
hT8v2gDVCwct,"Is an Ecological Civilisation Possible? with David Tyfield (Copy) and (Copy) - Thursday, - Thursday, - Thursday, - Thursday, - Thursday, - Thursday, - Thursday, - Thursday, - Thursday, - Thursday, - Thursday, - Thursday, - Thursday, - Thursday, July 3,...",Thu Jul 03 2025 00:00:00 GMT+0200 (Central European Summer Time),14588,24
RpcKPBcpFAF3,"Kairos Deep Conversations: How Can We Find the Power to Act?",Tue Jul 01 2025 00:00:00 GMT+0200 (Central European Summer Time),14626,13
N4DIlJclZG5K,"Sunday Reading Room",Sun Jun 29 2025 00:00:00 GMT+0200 (Central European Summer Time),14809,4
eyOa79t61UtV,"Friday Drinks",Fri Jun 27 2025 00:00:00 GMT+0200 (Central European Summer Time),14772,3
1p0lmPjSSmqc,"Movie Nights: ""The End We Start From""",Tue Jun 24 2025 00:00:00 GMT+0200 (Central European Summer Time),14256,13
Sv4Evv7VMDvD,"Sunday Reading Room",Sun Jun 22 2025 00:00:00 GMT+0200 (Central European Summer Time),14598,3
x9Dzpmv4U1QZ,"Friday Drinks",Fri Jun 20 2025 00:00:00 GMT+0200 (Central European Summer Time),14594,5
3knoavi0BzSD,"How Animals Heal Us with Jay Griffiths",Thu Jun 19 2025 00:00:00 GMT+0200 (Central European Summer Time),14171,21
jwdX0VebOu2m,"Book Club: ""Eco-Miserabilism and Radical Hope"" by Mathias Thaler - Wednesday, June 18, 2025",Wed Jun 18 2025 00:00:00 GMT+0200 (Central European Summer Time),14241,7
QdXyvof9uilg,"Friday Drinks",Fri Jun 13 2025 00:00:00 GMT+0200 (Central European Summer Time),14416,0
tJecGITT7CO0,"In the Belly of the Beast: Soil, Soul & Society with Alastair McIntosh",Thu Jun 12 2025 00:00:00 GMT+0200 (Central European Summer Time),13012,42
u8yVcLS9uE8j,"Sunday Reading Room",Sun Jun 08 2025 00:00:00 GMT+0200 (Central European Summer Time),14335,1
aSFU3RiaM8ps,"Friday Drinks with Beto Marubo",Fri Jun 06 2025 00:00:00 GMT+0200 (Central European Summer Time),14331,7
H1iVyG2VSSPw,"Cooperation Hull & the New Culture of Self-Organising with Gully Bujak",Thu Jun 05 2025 00:00:00 GMT+0200 (Central European Summer Time),12561,35
We77HYdHivQi,"The Radical Recentralisation of the World with Eliane Brum & Jonathan Watts",Wed Jun 04 2025 00:00:00 GMT+0200 (Central European Summer Time),14042,23
VkBGYQHoXYme,"Open Projects Night",Tue Jun 03 2025 00:00:00 GMT+0200 (Central European Summer Time),13102,8
DuUlQgBKoybg,"Sunday Reading Room",Sun Jun 01 2025 00:00:00 GMT+0200 (Central European Summer Time),14105,0
gFXQrLCCI42S,"Friday Drinks",Fri May 30 2025 00:00:00 GMT+0200 (Central European Summer Time),14109,2
zl8w3zGcsWrz,"Building the Commonsverse with David Bollier",Thu May 29 2025 00:00:00 GMT+0200 (Central European Summer Time),12696,51
kJEDrUeUSvYo,"Book Club: ""The Rivers North of the Future - The Testament of Ivan Illich"" as told to David Cayley and David Cayley - Wednesday, May 28, 2025",Wed May 28 2025 00:00:00 GMT+0200 (Central European Summer Time),13220,2
9DEg7Gg59GOA,"Sunday Reading Room",Sun May 25 2025 00:00:00 GMT+0200 (Central European Summer Time),13953,1
d33IitTLcTw2,"Friday Drinks Special with Tree Oh!",Fri May 23 2025 00:00:00 GMT+0200 (Central European Summer Time),13259,33
5oVQd8xoK0Yn,"The Breakdown of the Global Economic Order and What Comes Next with Ann Pettifor",Wed May 21 2025 00:00:00 GMT+0200 (Central European Summer Time),13226,36
FNMobtxUHvBi,"Reviving the Commons: Our Land",Tue May 20 2025 00:00:00 GMT+0200 (Central European Summer Time),13065,29
G5pMZZ91mGHl,"Sunday Reading Room",Sun May 18 2025 00:00:00 GMT+0200 (Central European Summer Time),13767,1
W9ns5QizmcNU,"Friday Drinks",Fri May 16 2025 00:00:00 GMT+0200 (Central European Summer Time),13543,4
YL7yu1HXoGwT,"What Narratives Are Needed in These Turbulent Times? with Marshall Ganz",Fri May 16 2025 00:00:00 GMT+0200 (Central European Summer Time),13135,84
F23VoDI1ZmJm,"Transcending the Alt Reich in an Age of Collapse and Renewal with Nafeez Ahmed",Thu May 15 2025 00:00:00 GMT+0200 (Central European Summer Time),12512,23
YYVITQ6W3yDc,"The Fashion Commons: Reclaiming our Clothing Culture",Wed May 14 2025 00:00:00 GMT+0200 (Central European Summer Time),13042,45
oJRUKr2G8SlY,"Friday Drinks",Fri May 09 2025 00:00:00 GMT+0200 (Central European Summer Time),13500,10
r5tYZYJvR3Ok,"Sunday Reading Room",Sun May 04 2025 00:00:00 GMT+0200 (Central European Summer Time),13482,4
nD6QqPjtPIDD,"Friday Drinks",Fri May 02 2025 00:00:00 GMT+0200 (Central European Summer Time),13214,10
ok8bIA4NRQJB,"The Good Apocalypse Guide with Alex Evans",Tue Apr 29 2025 00:00:00 GMT+0200 (Central European Summer Time),12005,36
nk6LiXAfm2qJ,"Friday Drinks",Fri Apr 25 2025 00:00:00 GMT+0200 (Central European Summer Time),13210,2
lqYE2gPyF1Mn,"Kill the Corporation Before it Kills Us with David Whyte",Wed Apr 23 2025 00:00:00 GMT+0200 (Central European Summer Time),12133,22
CcHaJedhRROS,"Friday Drinks",Fri Apr 18 2025 00:00:00 GMT+0200 (Central European Summer Time),12690,2
IpTRkJdN5Hyn,"Rooted Innovation: The Future of Technology with Joycelyn Longdon",Tue Apr 15 2025 00:00:00 GMT+0200 (Central European Summer Time),11590,31
BnCmnhOJIctU,"Sunday Reading Room",Sun Apr 13 2025 00:00:00 GMT+0200 (Central European Summer Time),12676,2
VE2pqRnOyyfs,"Friday Drinks",Fri Apr 11 2025 00:00:00 GMT+0200 (Central European Summer Time),12686,0
4MFh9szH0sJ1,"Book Club: ""Hospicing Modernity"" by Vanessa Andreotti - Wednesday, April 9, 2025",Wed Apr 09 2025 00:00:00 GMT+0200 (Central European Summer Time),12335,12
i1rqqk8YXA0K,"Deep Conversations: What Does it Mean To Step Up? - Tuesday, April 8, 2025",Tue Apr 08 2025 00:00:00 GMT+0200 (Central European Summer Time),11671,0
RCvnRB4fgJkM,"Sunday Reading Room",Sun Apr 06 2025 00:00:00 GMT+0200 (Central European Summer Time),12670,0
DSHm7H4kbJ1m,"Concerts Don't Cost the Earth with Gibbon and Goldfinch",Sat Apr 05 2025 00:00:00 GMT+0200 (Central European Summer Time),11897,18
FNfo2XMqqryY,"Friday Drinks",Fri Apr 04 2025 00:00:00 GMT+0200 (Central European Summer Time),12502,6
CDgYUdKg0K0O,"How We Live and How We Might Live with Ken Worpole",Thu Apr 03 2025 00:00:00 GMT+0200 (Central European Summer Time),11233,32
8PbEPsgnTRGI,"Open Projects Night",Tue Apr 01 2025 00:00:00 GMT+0200 (Central European Summer Time),11679,7
O1FLFEgbyAwy,"Sunday Reading Room",Sun Mar 30 2025 00:00:00 GMT+0100 (Central European Standard Time),12453,1
YCXXDUw5dPqf,"Friday Drinks",Fri Mar 28 2025 00:00:00 GMT+0100 (Central European Standard Time),12312,3
2eafjZMSeDpW,"Ecological Medicine: Healing the People, Healing the Planet with Jenny Goodman",Thu Mar 27 2025 00:00:00 GMT+0100 (Central European Standard Time),11657,11
eQQvPCbQ0tWB,"This Is an Act of Care with Tim Jackson",Tue Mar 25 2025 00:00:00 GMT+0100 (Central European Standard Time),11834,29
YVJWgJGd1nxv,"Sunday Reading Room",Sun Mar 23 2025 00:00:00 GMT+0100 (Central European Standard Time),12331,1
gh6ks5C83kpa,"Friday Drinks",Fri Mar 21 2025 00:00:00 GMT+0100 (Central European Standard Time),12129,4
DsZfyFqZqOia,"Reviving the Blue Commons: A Plan to Repair our Ocean",Tue Mar 18 2025 00:00:00 GMT+0100 (Central European Standard Time),11579,45
LgL0cOyOF5Nv,"Screening of ""My Octopus Teacher""",Tue Mar 11 2025 00:00:00 GMT+0100 (Central European Standard Time),11997,5
HWNBQjxCYaB6,"Sunday Reading Room - Sunday, - Sunday, - Sunday, - Sunday, - Sunday, - Sunday, - Sunday, - Sunday, - Sunday, - Sunday, - Sunday, - Sunday, - Sunday, - Sunday, - Sunday, - Sunday, - Sunday, - Sunday, - Sunday, - Sunday, - Sunday, - Sunday, - Sunday, Ma...",Sun Mar 09 2025 00:00:00 GMT+0100 (Central European Standard Time),12028,1
RiynBhNYuEqm,"Sunday Reading Room",Sun Mar 02 2025 00:00:00 GMT+0100 (Central European Standard Time),11891,1
0P9jlr51v95m,"Friday Drinks - Friday, - Friday, - Friday, - Friday, - Friday, - Friday, - Friday, - Friday, - Friday, - Friday, - Friday, - Friday, - Friday, - Friday, - Friday, - Friday, - Friday, - Friday, - Friday, - Friday, - Friday, - Friday, - Friday, February...",Fri Feb 28 2025 00:00:00 GMT+0100 (Central European Standard Time),11870,6
mb0CDws652Y8,"Friday Drinks: Games Night Special",Fri Feb 28 2025 00:00:00 GMT+0100 (Central European Standard Time),11990,1
lipP9Vg2HudX,"Sunday Reading Room",Sun Feb 23 2025 00:00:00 GMT+0100 (Central European Standard Time),11826,0
4t5ZYPDdDWvf,"Kairos Club Drinks",Fri Feb 21 2025 00:00:00 GMT+0100 (Central European Standard Time),11694,2
qp61W9QGpwg8,"test - Tuesday, February 18, 2025",Tue Feb 18 2025 00:00:00 GMT+0100 (Central European Standard Time),11157,0
brpOJr8l7mPh,"Regular Fixtures",Thu Feb 13 2025 15:52:13 GMT+0100 (Central European Standard Time),11648,0
7M74d1XBkTeg,"Save the Date",Wed Feb 12 2025 15:10:27 GMT+0100 (Central European Standard Time),11625,0
ovgmRAZul43l,"Sunday Reading Room",Mon Feb 10 2025 10:32:47 GMT+0100 (Central European Standard Time),11573,1
6vMys2eIjvin,"Revisiting Radical Ideas Past: An Evening of Shared Readings",Tue Feb 04 2025 13:55:53 GMT+0100 (Central European Standard Time),11480,12
4X5InO496Zus,"Britain's Common Land: Past, Present and Future with Helen Baczkowska",Tue Feb 04 2025 11:26:38 GMT+0100 (Central European Standard Time),11471,21
4OYFrGEz6IHA,"Sunday Reading Room",Tue Feb 04 2025 10:57:58 GMT+0100 (Central European Standard Time),11465,1
ua3yAqcjk7WJ,"Sunday Reading Room",Wed Jan 29 2025 15:24:55 GMT+0100 (Central European Standard Time),11416,1
4mqUo7gWXuTI,"Kairos Club Drinks - Monday, January 27, 2025",Mon Jan 27 2025 19:51:43 GMT+0100 (Central European Standard Time),11352,4
xcBWEz8ld0uv,"Learning From Conservative Media: How To Counter Anti-Climate Messages With Geoff Dembicki",Mon Jan 27 2025 19:30:18 GMT+0100 (Central European Standard Time),11343,40
0QYO803PPbls,"Sunday Reading Room",Wed Jan 22 2025 13:07:18 GMT+0100 (Central European Standard Time),11262,3
MVoTU1aUkcxd,"We Are the Ones We've Been Waiting For with Adam Greenfield",Tue Jan 21 2025 13:14:52 GMT+0100 (Central European Standard Time),11223,52
VB2QlfspHxGg,"Bioregions & the Commons: Becoming Citizens of Place in a Changing World with Isabel Carlisle",Sat Jan 18 2025 15:55:33 GMT+0100 (Central European Standard Time),11121,48
OoL8e1WnUHCO,"Kairos Club Drinks",Sat Jan 18 2025 15:10:54 GMT+0100 (Central European Standard Time),11115,4
zvJEUElwcbvb,"Screening of ""All That Breathes""",Fri Jan 17 2025 14:50:22 GMT+0100 (Central European Standard Time),11098,15
2FwQeKKWuLwf,"Sunday Reading Room",Fri Jan 17 2025 13:53:36 GMT+0100 (Central European Standard Time),11087,1
JPlwUEls6Rre,"Sunday Reading Room",Thu Jan 09 2025 17:26:38 GMT+0100 (Central European Standard Time),10944,0
pb62fz9cUcMs,"Kairos Club Drinks - Thursday, January 9, 2025",Thu Jan 09 2025 17:00:44 GMT+0100 (Central European Standard Time),10936,4
aFEEtgWNmwAM,"Open Projects Night",Tue Jan 07 2025 10:55:49 GMT+0100 (Central European Standard Time),10892,8
NBqTH9p16hSv,"Kairos Club Drinks",Tue Jan 07 2025 10:37:46 GMT+0100 (Central European Standard Time),10886,1
AQfTh1iUZgS3,"What Does it Mean to Live a Good Life? Kairos Deep Conversations with Georgie Nightingall",Thu Jan 02 2025 18:54:53 GMT+0100 (Central European Standard Time),10810,33
bDIsqm5lv4OB,"Sunday Reading Room",Thu Dec 12 2024 15:24:56 GMT+0100 (Central European Standard Time),10587,3
igkWOZcrziaH,"Board Games Social",Thu Dec 12 2024 14:11:00 GMT+0100 (Central European Standard Time),10580,4
OaqMIfu7EQie,"Reviving the Commons: A Unifying Vision for Our Common Wealth with Guy Standing",Tue Dec 10 2024 10:31:47 GMT+0100 (Central European Standard Time),10513,69
sC6ak55W6z5x,"Kairos Club Drinks: New Years Special",Mon Dec 09 2024 13:15:39 GMT+0100 (Central European Standard Time),10445,13
Ul0roYRlyMdF,"A New Cosmology: Feeling Our Way into the Imaginal with Ellie Robins - Waiting List Payment Link",Mon Nov 25 2024 12:07:34 GMT+0100 (Central European Standard Time),10237,0
EKyaRu7rOn4H,"Strategic Adaptation For Emergency Resilience (“SAFER”) with Rupert Read - Waiting List Payment Link",Mon Nov 25 2024 12:03:16 GMT+0100 (Central European Standard Time),10231,3
zHtp6dMArmkX,"Games Design Workshop with Matteo Menapace & Max Haiven",Wed Nov 20 2024 13:12:33 GMT+0100 (Central European Standard Time),10165,30
CLon5EbT994N,"Kairos at the Idler Festival",Mon Nov 18 2024 14:47:36 GMT+0100 (Central European Standard Time),10136,0
S0XOTVKJDXoD,"Sunday Reading Room",Mon Nov 18 2024 11:06:23 GMT+0100 (Central European Standard Time),10122,4
JdWNTMZzoKAU,"Max Haiven Waiting List - Payment Link",Thu Nov 14 2024 12:21:33 GMT+0100 (Central European Standard Time),10042,4
vMEm4PqJQLtb,"Sewing Circle",Mon Nov 11 2024 20:33:24 GMT+0100 (Central European Standard Time),9910,0
U5euSP5oRqKl,"Keeping the World Intact with Hugh Brody",Mon Nov 11 2024 18:12:06 GMT+0100 (Central European Standard Time),9879,47
4Fkr7B5611F8,"Winter Solstice Celebration",Mon Nov 11 2024 17:32:15 GMT+0100 (Central European Standard Time),9874,79
4H2j8TKrKfnC,"Hit ‘Em Where it Hurts: How to Create an Alternative to Capitalism with Rob Callender",Mon Nov 11 2024 15:49:49 GMT+0100 (Central European Standard Time),9845,33
lVYgQ8HaEhMN,"""The Nightingale's Song"" & ""Puffling"" with Sam Lee & Jessica Bishopp",Mon Oct 28 2024 17:48:46 GMT+0100 (Central European Standard Time),9463,28
WnElSEngZjmT,"Dougald Hine Waiting List - Payment Link",Wed Oct 23 2024 12:16:24 GMT+0200 (Central European Summer Time),9349,3
YdWouAGoYMLe,"Library Celebration with Drinks & Readings",Mon Oct 21 2024 21:59:07 GMT+0200 (Central European Summer Time),9301,21
2DYwBY549a0G,"Special Library Opening Hours",Mon Oct 21 2024 21:03:40 GMT+0200 (Central European Summer Time),9291,0
GvkZUx6GdQDT,"Screening of ""Naila and the Uprising"" with Nadia Yahlom",Mon Oct 21 2024 19:24:11 GMT+0200 (Central European Summer Time),9274,34
2nDmxTqDr0iN,"Kairos Club Drinks & Mixer",Thu Oct 17 2024 10:51:45 GMT+0200 (Central European Summer Time),9126,16
QOLp14DcCLYA,"Word-Making Salon with the Bureau of Linguistical Reality",Tue Oct 15 2024 08:36:23 GMT+0200 (Central European Summer Time),9053,8
ShTWycn6vI55,"A New Cosmology: Feeling Our Way into the Imaginal with Ellie Robins",Mon Oct 14 2024 16:49:20 GMT+0200 (Central European Summer Time),9033,49
1gbSU1FAQilM,"Strategic Adaptation For Emergency Resilience (""SAFER"") with Rupert Read",Mon Oct 14 2024 12:54:22 GMT+0200 (Central European Summer Time),9018,40
T4hBF3CjPzjo,"Open Projects Night",Wed Oct 02 2024 11:12:13 GMT+0200 (Central European Summer Time),8948,11
Z2Lva0POpkYe,"Kent Day Walk & Visit to DARES",Wed Sep 25 2024 15:56:53 GMT+0200 (Central European Summer Time),8864,14
x6SZA0EnVM5I,"Screening of ""The Square"" with Nihal El Aasar",Wed Sep 25 2024 15:31:20 GMT+0200 (Central European Summer Time),8856,13
GyYbt5fOP2vF,"Navigating Uncertainty: Radical Rethinking for a Turbulent World with Ian Scoones",Sat Sep 21 2024 08:02:24 GMT+0200 (Central European Summer Time),8833,20
OvkbnADxOEwp,"A Peasant Revolt & A Vision for the Commons with Peter Sahlins",Fri Sep 20 2024 16:08:38 GMT+0200 (Central European Summer Time),8820,18
tIABjz2M47R2,"Open Projects Night",Tue Sep 03 2024 09:57:17 GMT+0200 (Central European Summer Time),8571,11
uaoSaxHq9Jq7,"A Warm Data Lab with Emily Stewart",Tue Aug 27 2024 13:48:12 GMT+0200 (Central European Summer Time),8458,36
WIudhA524EHx,"What Can Religion Teach Us About Living in Apocalyptic Times? with Elizabeth Oldfield",Tue Aug 27 2024 13:48:03 GMT+0200 (Central European Summer Time),8453,44
TM7VHxs69IYw,"August Movie Nights: ""Embrace of the Serpent""",Tue Aug 13 2024 16:02:49 GMT+0200 (Central European Summer Time),8247,13
lv5k1cUcRTES,"Screening of ""Join or Die"" with Sarah Stein Lubrano",Tue Aug 13 2024 14:31:53 GMT+0200 (Central European Summer Time),8230,25
WEeA8oGpl4mS,"The Cost of Resistance with Chris Hedges",Tue Aug 13 2024 11:49:29 GMT+0200 (Central European Summer Time),8221,131
uTKXhg8DiktQ,"Worlds Worth Living For with Dougald Hine",Tue Aug 13 2024 09:38:53 GMT+0200 (Central European Summer Time),8213,42
RzXFTSItm7o6,"Walking the London Martyr’s Way, a Pilgrimage with Guy Hayward",Mon Aug 05 2024 12:28:01 GMT+0200 (Central European Summer Time),8159,7
wXRikl7xuyxi,"August Movie Nights: ""Jonah Who Will be 25 in the Year 2000""",Mon Aug 05 2024 09:55:50 GMT+0200 (Central European Summer Time),8150,15
4csRuVn1CGYL,"Podcast Recording of “What Do We Want?: The Pleasures of Activism""",Mon Jul 29 2024 20:39:19 GMT+0200 (Central European Summer Time),8092,29
Lzd8lc7yFtUS,"August Movie Nights: ""Neptune Frost""",Mon Jul 29 2024 15:01:45 GMT+0200 (Central European Summer Time),8082,8
1hss9teOms3N,"Changing Hearts & Minds - Payment Link",Mon Jul 29 2024 10:42:41 GMT+0200 (Central European Summer Time),8061,12
hGpwWsDYlU1b,"What Can We Learn from the Radical Imagination? with Max Haiven",Mon Jul 29 2024 10:12:26 GMT+0200 (Central European Summer Time),8056,45
ih4PonElaD49,"Changing Hearts & Minds with Sense and Solidarity",Mon Jul 22 2024 12:07:20 GMT+0200 (Central European Summer Time),8004,0
qmXWQvoXGdfK,"Kairos Sewing Club: Day-Long Drop-In",Wed Jul 10 2024 11:37:18 GMT+0200 (Central European Summer Time),7838,3
KrOVC38DgWGg,"August Movie Nights: ""This Is Not a Film"" by Jafar Panahi",Tue Jul 09 2024 21:41:42 GMT+0200 (Central European Summer Time),7809,15
Tkc5dOJkno9u,"Screening of ""The Grab""",Mon Jun 24 2024 11:24:35 GMT+0200 (Central European Summer Time),7651,21
3QpB3blfE0Vy,"Kairos at the Idler Festival",Mon Jun 17 2024 10:56:54 GMT+0200 (Central European Summer Time),7574,0
b5epeosbn7iQ,"Cognitive Dissonance: Living in a World of Contradictions with Sarah Stein Lubrano",Mon Jun 10 2024 17:30:32 GMT+0200 (Central European Summer Time),7490,43
NvwC9uSCyIZk,"Cultural Atlas of Solidarity with Vali Mahlouji",Mon Jun 10 2024 15:25:43 GMT+0200 (Central European Summer Time),7482,9
77soRHefFOP0,"Midsummer Club Drinks",Sun Jun 02 2024 21:39:53 GMT+0200 (Central European Summer Time),7361,15
ZfqQnQ0lzRxJ,"Planetarity: Some Tools for Thinking About the Earth with Tim Waterman",Sun Jun 02 2024 21:14:29 GMT+0200 (Central European Summer Time),7351,27
LiTygE0o2pZu,"The Fossil States of the Earth with Mohamed Amer Meziane",Wed May 15 2024 19:41:35 GMT+0200 (Central European Summer Time),7114,17
nBJFWSLGdRbM,"Knepp Transport Payment Link",Thu May 09 2024 08:08:55 GMT+0200 (Central European Summer Time),6972,9
k8nn8OqaYtOD,"Facing the Unthinkable with Stephen Markley",Wed May 08 2024 13:08:04 GMT+0200 (Central European Summer Time),6932,25
SHRjztEtCB86,"Open Projects Night",Tue May 07 2024 18:48:20 GMT+0200 (Central European Summer Time),6896,16
G4JTLw0x8xlP,"Voluntary Human Extinction is Not the Answer with Ben Ware",Tue May 07 2024 18:08:02 GMT+0200 (Central European Summer Time),6888,15
bpPqnAX96mU5,"Rewild the Rich! How to Take Back our Countryside with Joel Scott-Halkes",Tue May 07 2024 08:28:21 GMT+0200 (Central European Summer Time),6855,22
u6QaC0E1ecZ5,"A State-Driven Energy Transition with Brett Christophers",Mon Apr 29 2024 18:49:51 GMT+0200 (Central European Summer Time),6757,29
rmH3WTKSURai,"The Hole Story, a Workshop with Toby Litt",Mon Apr 29 2024 17:43:20 GMT+0200 (Central European Summer Time),6752,0
6N62g2SJOiEm,"Imagining Futures with Sandra Newman",Mon Apr 29 2024 16:09:25 GMT+0200 (Central European Summer Time),6747,10
KBgmesXy7B3w,"What Happens Next? with George Marshall",Mon Apr 29 2024 10:20:42 GMT+0200 (Central European Summer Time),6733,38
o6P6OsThIzlS,"History for Tomorrow with Roman Krznaric",Sat Apr 27 2024 11:27:57 GMT+0200 (Central European Summer Time),6700,48
TVnREfH44UVL,"Diary Dates",Wed Apr 24 2024 15:01:43 GMT+0200 (Central European Summer Time),6580,0
SbQCNpKHhNT1,"Women and the Climate Emergency with Natasha Walter & Trudi Warner",Wed Apr 24 2024 14:05:11 GMT+0200 (Central European Summer Time),6570,22
DfMRYPSof1Nu,"Workshop: Everyday Democracy with Dr Sophie Scott-Brown & Pippa Evans",Mon Apr 22 2024 15:23:04 GMT+0200 (Central European Summer Time),6543,0
NCBqbuPr9Mao,"Day Walk across Knepp Wildland",Mon Apr 15 2024 10:16:05 GMT+0200 (Central European Summer Time),6426,21
FzIq5yFOJdkZ,"Rewild the Rich! How to Take Back our Countryside with Joel Scott-Halkes",Sun Apr 14 2024 20:22:44 GMT+0200 (Central European Summer Time),6415,14
t8kxQaRsILUH,"Both/And: The Climate Majority Project & the Radical Flank",Wed Apr 10 2024 13:21:43 GMT+0200 (Central European Summer Time),6371,37
6Hc1puD0epi0,"Wednesday Drop-In Hours",Thu Mar 28 2024 13:58:44 GMT+0100 (Central European Standard Time),6183,0
JfOKFsZNKppv,"Finding Existential Hope in Humanity with SJ Beard",Thu Mar 28 2024 12:15:03 GMT+0100 (Central European Standard Time),6160,19
uGLeEUURKnqp,"The Joys (& Tribulations) of Being Animal with Melanie Challenger",Wed Mar 27 2024 10:25:24 GMT+0100 (Central European Standard Time),6144,12
rcX2whbDCcCw,"Education for Culture Change with Artemis Bear",Tue Mar 26 2024 13:04:05 GMT+0100 (Central European Standard Time),6131,21
EFqqhGpq7GP6,"Dummy event for email tests",Mon Mar 25 2024 18:04:55 GMT+0100 (Central European Standard Time),6123,0
LtOG6XCVTxlh,"What About China? with Songqiao Yao & Faye Lu",Wed Mar 20 2024 14:57:53 GMT+0100 (Central European Standard Time),6058,22
BhBpzaLwytkd,"Open Projects Night",Tue Mar 19 2024 11:14:21 GMT+0100 (Central European Standard Time),6028,17
sbeSjMmSRNDQ,"Club Drinks: Weekly Throughout April",Thu Mar 14 2024 10:53:41 GMT+0100 (Central European Standard Time),5972,12
TK5lHSFeWdYO,"Drop-In Hours Pilot",Wed Mar 13 2024 17:13:20 GMT+0100 (Central European Standard Time),5953,0
nzjgs0yQtZAz,"A New Media System To Heal Our Collective Trauma with Matthew Green",Tue Mar 12 2024 14:46:37 GMT+0100 (Central European Standard Time),5927,26
teVwxKewpfPM,"The Law as a Tool for Radical Change with Jolyon Maugham",Mon Mar 04 2024 16:55:28 GMT+0100 (Central European Standard Time),5825,36
RbDgzMNths6J,"A Life-Ennobling Economy & How to Get There with Indy Johar",Mon Mar 04 2024 16:53:05 GMT+0100 (Central European Standard Time),5821,22
0FD06Ftxpljd,"Rethinking Fairness: Navigating Climate Breakdown Across Generations with Kennedy Mbeva",Thu Feb 22 2024 17:35:52 GMT+0100 (Central European Standard Time),5690,17
4RGY90KxMK19,"Preparing for Crisis: Why Communities Must Take Control",Wed Feb 21 2024 14:56:22 GMT+0100 (Central European Standard Time),5673,28
MDmS0NA0aSOs,"A Sustainable Revolution with Sophie Scott-Brown",Wed Feb 21 2024 12:27:32 GMT+0100 (Central European Standard Time),5670,16
MWx6t86xwuyo,"Leap Year Storytelling with Toby Litt",Tue Feb 06 2024 11:09:13 GMT+0100 (Central European Standard Time),5473,16
nX6K9CMQyNJP,"Club Drinks",Mon Feb 05 2024 20:42:44 GMT+0100 (Central European Standard Time),5460,15
GmrmFAoIpAuv,"Facing the Climate Emergency: Discussion & Grief Circle with Margaret Klein Salamon",Mon Feb 05 2024 18:24:58 GMT+0100 (Central European Standard Time),5450,32
ghedOGk0VVtg,"Sewing Club: Machine Skills",Tue Jan 30 2024 10:19:54 GMT+0100 (Central European Standard Time),5344,3
7J5GGzhP4w6V,"Lunchtime Video: Jack Halberstam on An Aesthetics of Collapse",Mon Jan 29 2024 21:14:09 GMT+0100 (Central European Standard Time),5317,0
MLsEYXB6mdWi,"Effective Resistance & the Role of Sabotage with Simon Bramwell",Sun Jan 21 2024 14:51:36 GMT+0100 (Central European Standard Time),5179,31
beW6aP5jwJu0,"Screening of “Night Moves""",Sun Jan 21 2024 12:48:23 GMT+0100 (Central European Standard Time),5175,11
EykrXqvbGjv1,"Roger Hallam on the Meaning of Revolution in the 21st Century",Mon Jan 15 2024 14:23:00 GMT+0100 (Central European Standard Time),5077,6
SDY8ezdKgAUC,"Lunchtime Video: James Bridle on Planetary Intelligence",Thu Jan 11 2024 12:09:39 GMT+0100 (Central European Standard Time),5034,0
g4viAeEE9TjR,"Club Drinks",Tue Jan 09 2024 20:07:38 GMT+0100 (Central European Standard Time),4984,13
wCr2UTQGwzCn,"Ending the Jobs Fetish: Work, Commoning and Leisure with Guy Standing",Tue Jan 09 2024 16:35:24 GMT+0100 (Central European Standard Time),4971,35
XmXA97ASO0u8,"Lunchtime Video: Jenny Odell on A Life Beyond the Clock and Amitav Ghosh on The Nutmeg's Curse - Tuesday, January 9, 2024",Tue Jan 09 2024 15:01:35 GMT+0100 (Central European Standard Time),4966,0
02hc9p131Qud,"Anarchism and its Lessons for Now with Ruth Kinna",Wed Jan 03 2024 10:15:02 GMT+0100 (Central European Standard Time),4863,36
n7eT6p3oLn98,"Screening of “The Troublemaker""",Tue Jan 02 2024 16:23:47 GMT+0100 (Central European Standard Time),4840,9
Y14bA6x1xhvU,"Screening of “The Seeds of Vandana Shiva""",Fri Dec 29 2023 14:03:49 GMT+0100 (Central European Standard Time),4818,13
1CzzWMOCCY0v,"Club Drinks",Thu Dec 28 2023 16:06:02 GMT+0100 (Central European Standard Time),4803,19
r1Nj1xgjfeDN,"Rethinking ""Survival of the Fittest"": From Competition to Cooperation with Buzz Baum",Thu Dec 28 2023 11:17:17 GMT+0100 (Central European Standard Time),4789,31
es1E2vy5mEga,"The Liberal ""Guardrails"" Against Radical Climate Action with Chris Shaw",Mon Nov 27 2023 21:29:42 GMT+0100 (Central European Standard Time),4509,16
WEuINt6Xl6DU,"Alternative Communities of Care with Lynne Segal",Mon Nov 27 2023 17:59:42 GMT+0100 (Central European Standard Time),4490,15
gWzhqNGxXSxW,"The Meaning of Revolution in the 21st Century with Roger Hallam",Thu Nov 23 2023 09:35:29 GMT+0100 (Central European Standard Time),4431,57
ETdnkGIIynq7,"Sewing Club: Machine Skills",Tue Nov 21 2023 12:59:11 GMT+0100 (Central European Standard Time),4392,2
Bn16mbbYWN1D,"Screening of “The Village of Lovers”",Tue Nov 21 2023 11:21:32 GMT+0100 (Central European Standard Time),4382,23
IXNYnB64CKbw,"A Small Farm Future with Chris Smaje",Tue Nov 14 2023 12:32:35 GMT+0100 (Central European Standard Time),4311,18
Z50BSMnyknNa,"Winter Solstice Celebration",Mon Nov 13 2023 18:55:42 GMT+0100 (Central European Standard Time),4297,29
Z6GCpsegcnlM,"Lunchtime Video: Guy Standing on a new Commons Charter",Tue Nov 07 2023 11:13:54 GMT+0100 (Central European Standard Time),4198,0
74acswD9gTZr,"Club Night: HSBC9 Celebration, Fundraiser & Games",Tue Nov 07 2023 11:03:28 GMT+0100 (Central European Standard Time),4194,0
fbB1wGMYi1gx,"Kairos with the Frontline Club: The Assault on Protest Rights in the Courts",Wed Nov 01 2023 21:33:37 GMT+0100 (Central European Standard Time),4130,0
ZEfW97xrbHnj,"Sewing Club: Alterations",Wed Oct 25 2023 13:07:09 GMT+0200 (Central European Summer Time),4047,3
MqGuGAMCrri4,"Lessons from Ecuador, World Leader in Rights of Nature with Paul Powlesland",Mon Oct 09 2023 10:45:12 GMT+0200 (Central European Summer Time),3723,20
inh3NDUwRUNw,"Members' Night",Mon Oct 09 2023 10:11:59 GMT+0200 (Central European Summer Time),3714,0
u93fnL9HaJkR,"Workshop: Imagination Activism for Systemic Shifts with Phoebe Tickell",Mon Oct 09 2023 09:28:12 GMT+0200 (Central European Summer Time),3708,25
xJwOkfuunPFT,"Finding Words to Describe this Moment We're In & Why it Matters with Jonathan Rowson",Mon Oct 09 2023 08:07:47 GMT+0200 (Central European Summer Time),3700,23
Ka22XfK0HWqC,"The Meaning of Revolution in the 21st Century with Roger Hallam",Mon Oct 09 2023 07:31:39 GMT+0200 (Central European Summer Time),3697,33
0BVXLmCDsHyM,"non member test event",Sat Oct 07 2023 17:50:41 GMT+0200 (Central European Summer Time),3676,0
T5gF0OF5SUj9,"member test event",Sat Oct 07 2023 17:25:20 GMT+0200 (Central European Summer Time),3675,0
iF3VDnIi9J5a,"Sewing Club: Moth Hole Repairs & Visible Mends",Sun Sep 24 2023 20:41:39 GMT+0200 (Central European Summer Time),3465,13
vws8gU8BEZ0L,"The Meat Paradox with Rob Percival",Thu Sep 21 2023 15:56:28 GMT+0200 (Central European Summer Time),3454,8
j5Z9rcac6oZx,"Screening of ""To Hell With Culture"": The Life & Work of Sir Herbert Read",Thu Sep 21 2023 15:42:35 GMT+0200 (Central European Summer Time),3449,11
FcCSIpeVl7mQ,"David Graeber and the Pirate Enlightenment with Chris Haughton and Nika Dubrovsky",Thu Sep 21 2023 14:41:13 GMT+0200 (Central European Summer Time),3441,20
hsaDjNdTcN4T,"What Next for the Climate Movements? with Gail Bradbrook",Mon Sep 18 2023 14:53:51 GMT+0200 (Central European Summer Time),3428,29
IgWJSRE5bk1K,"Screening of ""Carnage"" by Simon Amstell",Mon Sep 18 2023 14:53:41 GMT+0200 (Central European Summer Time),3425,6
nB9vsFNhVxUQ,"Screening of ""Spaceship Earth"" with Michael Hrebeniak & Gessie Houghton",Sun Sep 17 2023 21:00:37 GMT+0200 (Central European Summer Time),3417,10
oYQpFgQh5JZv,"New Season Launch: Before the Light Fades with Natasha Walter",Thu Sep 14 2023 11:20:09 GMT+0200 (Central European Summer Time),3405,23
engoePpjlWh1,"Kairos at Green Gathering",Mon Jul 17 2023 12:29:37 GMT+0200 (Central European Summer Time),3252,0
FQBkE9GwSgQu,"Essex St Leaving Party",Mon Jul 03 2023 08:21:17 GMT+0200 (Central European Summer Time),3135,14
lbbQJL5HLTsL,"Navigating Collapse, Reclaiming Freedom with Jem Bendell",Sun Jul 02 2023 20:31:59 GMT+0200 (Central European Summer Time),3122,19
R45YFxtdl6h0,"The Family: Is There a Better Way to Live Together? with Sarah Stein Lubrano",Wed Jun 14 2023 13:06:25 GMT+0200 (Central European Summer Time),2970,8
h6i49DcIq1Uc,"Defashion: Dismantling the Fashion Industry with Sandra Niessen",Tue Jun 13 2023 12:47:07 GMT+0200 (Central European Summer Time),2943,19
foE2zALF6iKv,"The Climate Crisis: Why Aren't We Angrier? with Josh Cohen",Thu Jun 08 2023 15:55:16 GMT+0200 (Central European Summer Time),2906,18
B5GteK8UDK2Y,"Cocktail Night with Veteran Prankster Andrew Boyd",Wed May 31 2023 21:26:29 GMT+0200 (Central European Summer Time),2808,8
qAami0KQ2mKL,"Leaders & Intellectuals: From 'Legislators' to Catalysts of Democracy with Sophie Scott-Brown",Wed May 31 2023 19:20:47 GMT+0200 (Central European Summer Time),2789,9
fPgXezuTK1y3,"Wilderness and Belonging with Sicelo Mbatha",Mon May 29 2023 09:22:16 GMT+0200 (Central European Summer Time),2769,7
lqS2nv9scqFb,"Wittgenstein, Co-freedom & The Politics of Ecology with Rupert Read",Wed May 17 2023 11:22:27 GMT+0200 (Central European Summer Time),2648,0
ijLNRhR5sU7d,"Time Beyond Cronos with Charlotte Du Cann",Sun May 14 2023 19:29:52 GMT+0200 (Central European Summer Time),2586,16
HIZjRT8BuoN4,"Screening of Iain McGilchrist Documentary “The Divided Brain”",Sun May 14 2023 18:22:48 GMT+0200 (Central European Summer Time),2576,19
3dINDViqPRJW,"Artful Activism & the Backbone Theory of Change with Bill Moyer",Sat May 13 2023 09:22:03 GMT+0200 (Central European Summer Time),2555,26
k2zNlRcGZpwV,"Forging a Commons Charter…. & Acting On It with Guy Standing",Sun May 07 2023 15:42:06 GMT+0200 (Central European Summer Time),2514,18
dP38qPYLg2fB,"Kinship with All Life: A New Paradigm for Leadership with Justine Huxley",Tue Apr 25 2023 09:35:44 GMT+0200 (Central European Summer Time),2297,16
fLRVxntsbIrt,"Screening Of “Cow” with Anat Pick",Mon Mar 27 2023 12:40:35 GMT+0200 (Central European Summer Time),1962,2
y1DCPIFW5tdf,"Screening of “Accidental Anarchist” with Güney Yildiz & Carne Ross in conversation",Mon Mar 27 2023 12:31:17 GMT+0200 (Central European Summer Time),1950,7
rPbaETAvSHpN,"Sunday Sci-Fi: “Children Of Men” by Alfonso Cuarón",Mon Mar 27 2023 12:24:56 GMT+0200 (Central European Summer Time),1944,1
PVHxvdMq3cgN,"Climate, Technology, Justice & Rights: Can We Get The Whole World To Agree On Any Of Them? with AC Grayling",Sun Mar 19 2023 14:05:51 GMT+0100 (Central European Standard Time),1905,21
2T5vZI6gc0iQ,"The New Lucas Plan: A Workers-Led Transition",Sun Mar 19 2023 13:57:34 GMT+0100 (Central European Standard Time),1900,4
kCW6iGTiVAsr,"Screening of “How To Blow Up A Pipeline” with Rowan Tilly",Sun Mar 19 2023 13:50:57 GMT+0100 (Central European Standard Time),1894,10
ADjqpu82dLzS,"Revolution: Inevitable, Justified and Effective with Roger Hallam",Sun Mar 19 2023 13:35:19 GMT+0100 (Central European Standard Time),1886,6
tgO5U8xqdcVa,"Protest Rights: A Benchmark For Political Freedom with Raj Chada",Tue Mar 07 2023 16:17:48 GMT+0100 (Central European Standard Time),1817,0
ey0nSSMk9S1F,"Warm Data Lab at Kairos",Sun Mar 05 2023 13:48:06 GMT+0100 (Central European Standard Time),1649,0
LRHiGeW3YbKu,"The Rights of Nature with César Rodríguez-Garavito",Tue Feb 21 2023 09:38:40 GMT+0100 (Central European Standard Time),1425,15
XlzOUoLyjVPP,"Box of Darkness: The Transformative Power of Grief with Liz Jensen",Tue Feb 21 2023 09:33:55 GMT+0100 (Central European Standard Time),1420,0
od6mxyFYCRyC,"Doughnut Economics Workshop",Tue Feb 21 2023 08:28:07 GMT+0100 (Central European Standard Time),1411,0